{
  "entrypoint": "index.html",
  "shell": "src/risp-app.html",
  "fragments": [
    "src/shared-styles.html",
    "src/risp-login.html",
    "src/risp-maintenance-transaction.html",
    "src/risp-print-label.html",
    "src/risp-scan-label.html",
    "src/risp-toolbar.html",
    "src/risp-transaction-summary.html",
    "src/risp-transfer.html",
    "src/risp-404.html",
    "src/risp-count-inventory.html",
    "src/risp-icons.html",
    "src/user-login.html"
  ],
  "sourceGlobs": [
    "src/**/*",
    "images/**/*",
    "bower.json"
  ],
  "includeDependencies": [
    "manifest.json",
    "bower_components/webcomponentsjs/webcomponents-lite.min.js"
  ]
}